{"cameraMode":{"drawMode":0,"name":"Shaded","section":"Shading Mode"},"sceneLighting":false,"audioPlay":false,"sceneViewState":{"showFog":true,"showMaterialUpdate":false,"showSkybox":false,"showFlares":true,"showImageEffects":true,"showParticleSystems":true},"in2DMode":false,"pivot":{"x":-5.175197124481201,"y":1.0599907636642457,"z":10.026501655578614},"rotation":{"x":0.0114104263484478,"y":-0.005670974031090736,"z":0.00006287368159973994,"w":0.9999610185623169},"size":2.014478921890259,"orthographic":false}