{"cameraMode":{"drawMode":0,"name":"Shaded","section":"Shading Mode"},"sceneLighting":false,"audioPlay":false,"sceneViewState":{"showFog":true,"showMaterialUpdate":false,"showSkybox":false,"showFlares":true,"showImageEffects":true,"showParticleSystems":true},"in2DMode":false,"pivot":{"x":509.50640869140627,"y":-429.66827392578127,"z":121.88005065917969},"rotation":{"x":-0.019030192866921426,"y":0.9668411612510681,"z":-0.07557383179664612,"w":-0.24335840344429017},"size":0.8660253882408142,"orthographic":false}